1-Wire/iButton Part Number: DS1921G-F5,,
1-Wire/iButton Registration Number: 3A000000347A9A21,,
Is Mission Active?  true,,
Mission Start:  Fri May 02 19:47:00 CDT 2014,,
Sample Rate:  Every 120 minute(s),,
Number of Mission Samples:  2217,,
Total Samples:  2915,,
Roll Over Enabled?  true,,
Roll Over Occurred?  Roll over has occurred,,
Active Alarms:  None fired,,
Next Clock Alarm At:  Disabled,,
High Temperature Alarm:  85 °C,,
Low Temperature Alarm:  -40 °C,,
,,
Date/Time,Unit,Value
5/16/2014 21:47,C,20.5
5/16/2014 23:47,C,20.5
5/17/2014 1:47,C,20.5
5/17/2014 3:47,C,20
5/17/2014 5:47,C,20
5/17/2014 7:47,C,20
5/17/2014 9:47,C,20
5/17/2014 11:47,C,20
5/17/2014 13:47,C,20
5/17/2014 15:47,C,20
5/17/2014 17:47,C,20
5/17/2014 19:47,C,20
5/17/2014 21:47,C,20
5/17/2014 23:47,C,20
5/18/2014 1:47,C,20
5/18/2014 3:47,C,20
5/18/2014 5:47,C,20
5/18/2014 7:47,C,19.5
5/18/2014 9:47,C,19.5
5/18/2014 11:47,C,19.5
5/18/2014 13:47,C,19.5
5/18/2014 15:47,C,20
5/18/2014 17:47,C,20
5/18/2014 19:47,C,20
5/18/2014 21:47,C,20.5
5/18/2014 23:47,C,20.5
5/19/2014 1:47,C,20.5
5/19/2014 3:47,C,20.5
5/19/2014 5:47,C,20.5
5/19/2014 7:47,C,20.5
5/19/2014 9:47,C,20.5
5/19/2014 11:47,C,20.5
5/19/2014 13:47,C,20.5
5/19/2014 15:47,C,20.5
5/19/2014 17:47,C,21
5/19/2014 19:47,C,21
5/19/2014 21:47,C,21
5/19/2014 23:47,C,21
5/20/2014 1:47,C,21
5/20/2014 3:47,C,21
5/20/2014 5:47,C,21
5/20/2014 7:47,C,21
5/20/2014 9:47,C,21
5/20/2014 11:47,C,21
5/20/2014 13:47,C,21
5/20/2014 15:47,C,21
5/20/2014 17:47,C,21
5/20/2014 19:47,C,21
5/20/2014 21:47,C,21
5/20/2014 23:47,C,21
5/21/2014 1:47,C,21
5/21/2014 3:47,C,21
5/21/2014 5:47,C,21
5/21/2014 7:47,C,21
5/21/2014 9:47,C,21
5/21/2014 11:47,C,21.5
5/21/2014 13:47,C,21.5
5/21/2014 15:47,C,21.5
5/21/2014 17:47,C,21.5
5/21/2014 19:47,C,21.5
5/21/2014 21:47,C,21.5
5/21/2014 23:47,C,21.5
5/22/2014 1:47,C,21.5
5/22/2014 3:47,C,21.5
5/22/2014 5:47,C,21
5/22/2014 7:47,C,21.5
5/22/2014 9:47,C,21.5
5/22/2014 11:47,C,22
5/22/2014 13:47,C,22
5/22/2014 15:47,C,22
5/22/2014 17:47,C,21.5
5/22/2014 19:47,C,21.5
5/22/2014 21:47,C,21.5
5/22/2014 23:47,C,21.5
5/23/2014 1:47,C,21.5
5/23/2014 3:47,C,21.5
5/23/2014 5:47,C,21.5
5/23/2014 7:47,C,21.5
5/23/2014 9:47,C,21.5
5/23/2014 11:47,C,22
5/23/2014 13:47,C,22
5/23/2014 15:47,C,22
5/23/2014 17:47,C,21.5
5/23/2014 19:47,C,21.5
5/23/2014 21:47,C,21.5
5/23/2014 23:47,C,21.5
5/24/2014 1:47,C,21
5/24/2014 3:47,C,21.5
5/24/2014 5:47,C,21.5
5/24/2014 7:47,C,21.5
5/24/2014 9:47,C,21.5
5/24/2014 11:47,C,21.5
5/24/2014 13:47,C,21.5
5/24/2014 15:47,C,21.5
5/24/2014 17:47,C,21.5
5/24/2014 19:47,C,21.5
5/24/2014 21:47,C,21.5
5/24/2014 23:47,C,21.5
5/25/2014 1:47,C,21
5/25/2014 3:47,C,21
5/25/2014 5:47,C,21.5
5/25/2014 7:47,C,21
5/25/2014 9:47,C,21
5/25/2014 11:47,C,21.5
5/25/2014 13:47,C,21.5
5/25/2014 15:47,C,21
5/25/2014 17:47,C,21
5/25/2014 19:47,C,21.5
5/25/2014 21:47,C,21.5
5/25/2014 23:47,C,21
5/26/2014 1:47,C,21
5/26/2014 3:47,C,21
5/26/2014 5:47,C,21
5/26/2014 7:47,C,21
5/26/2014 9:47,C,21
5/26/2014 11:47,C,21
5/26/2014 13:47,C,21.5
5/26/2014 15:47,C,21.5
5/26/2014 17:47,C,21
5/26/2014 19:47,C,21
5/26/2014 21:47,C,21
5/26/2014 23:47,C,21
5/27/2014 1:47,C,21
5/27/2014 3:47,C,21
5/27/2014 5:47,C,21
5/27/2014 7:47,C,21
5/27/2014 9:47,C,22
5/27/2014 11:47,C,21.5
5/27/2014 13:47,C,21.5
5/27/2014 15:47,C,21.5
5/27/2014 17:47,C,21.5
5/27/2014 19:47,C,21
5/27/2014 21:47,C,21
5/27/2014 23:47,C,21
5/28/2014 1:47,C,21
5/28/2014 3:47,C,20.5
5/28/2014 5:47,C,20.5
5/28/2014 7:47,C,20.5
5/28/2014 9:47,C,20.5
5/28/2014 11:47,C,21.5
5/28/2014 13:47,C,21.5
5/28/2014 15:47,C,21.5
5/28/2014 17:47,C,21.5
5/28/2014 19:47,C,21.5
5/28/2014 21:47,C,21.5
5/28/2014 23:47,C,21
5/29/2014 1:47,C,21
5/29/2014 3:47,C,21
5/29/2014 5:47,C,21
5/29/2014 7:47,C,21
5/29/2014 9:47,C,21.5
5/29/2014 11:47,C,21.5
5/29/2014 13:47,C,22
5/29/2014 15:47,C,21.5
5/29/2014 17:47,C,21.5
5/29/2014 19:47,C,21.5
5/29/2014 21:47,C,21.5
5/29/2014 23:47,C,21.5
5/30/2014 1:47,C,21.5
5/30/2014 3:47,C,21.5
5/30/2014 5:47,C,21
5/30/2014 7:47,C,21
5/30/2014 9:47,C,21.5
5/30/2014 11:47,C,25.5
5/30/2014 13:47,C,22.5
5/30/2014 15:47,C,22
5/30/2014 17:47,C,22
5/30/2014 19:47,C,21.5
5/30/2014 21:47,C,22
5/30/2014 23:47,C,22
5/31/2014 1:47,C,22
5/31/2014 3:47,C,22
5/31/2014 5:47,C,22
5/31/2014 7:47,C,22
5/31/2014 9:47,C,22
5/31/2014 11:47,C,22
5/31/2014 13:47,C,28
5/31/2014 15:47,C,28
5/31/2014 17:47,C,29.5
5/31/2014 19:47,C,20.5
5/31/2014 21:47,C,28
5/31/2014 23:47,C,27.5
6/1/2014 1:47,C,26.5
6/1/2014 3:47,C,26
6/1/2014 5:47,C,25.5
6/1/2014 7:47,C,25
6/1/2014 9:47,C,25
6/1/2014 11:47,C,25.5
6/1/2014 13:47,C,32
6/1/2014 15:47,C,29.5
6/1/2014 17:47,C,28.5
6/1/2014 19:47,C,24.5
6/1/2014 21:47,C,26
6/1/2014 23:47,C,22.5
6/2/2014 1:47,C,22
6/2/2014 3:47,C,21.5
6/2/2014 5:47,C,22
6/2/2014 7:47,C,22
6/2/2014 9:47,C,21.5
6/2/2014 11:47,C,22.5
6/2/2014 13:47,C,22
6/2/2014 15:47,C,24
6/2/2014 17:47,C,24
6/2/2014 19:47,C,24
6/2/2014 21:47,C,24
6/2/2014 23:47,C,24
6/3/2014 1:47,C,24.5
6/3/2014 3:47,C,24.5
6/3/2014 5:47,C,24.5
6/3/2014 7:47,C,24.5
6/3/2014 9:47,C,25
6/3/2014 11:47,C,25
6/3/2014 13:47,C,25.5
6/3/2014 15:47,C,25.5
6/3/2014 17:47,C,25.5
6/3/2014 19:47,C,25
6/3/2014 21:47,C,25
6/3/2014 23:47,C,24.5
6/4/2014 1:47,C,24.5
6/4/2014 3:47,C,24.5
6/4/2014 5:47,C,24.5
6/4/2014 7:47,C,25
6/4/2014 9:47,C,25
6/4/2014 11:47,C,25.5
6/4/2014 13:47,C,25.5
6/4/2014 15:47,C,26
6/4/2014 17:47,C,26
6/4/2014 19:47,C,26
6/4/2014 21:47,C,25.5
6/4/2014 23:47,C,25
6/5/2014 1:47,C,25
6/5/2014 3:47,C,25
6/5/2014 5:47,C,25
6/5/2014 7:47,C,25
6/5/2014 9:47,C,25
6/5/2014 11:47,C,25
6/5/2014 13:47,C,25
6/5/2014 15:47,C,25.5
6/5/2014 17:47,C,25.5
6/5/2014 19:47,C,25.5
6/5/2014 21:47,C,25
6/5/2014 23:47,C,25
6/6/2014 1:47,C,25
6/6/2014 3:47,C,25
6/6/2014 5:47,C,25
6/6/2014 7:47,C,25
6/6/2014 9:47,C,25
6/6/2014 11:47,C,25
6/6/2014 13:47,C,25
6/6/2014 15:47,C,25
6/6/2014 17:47,C,25
6/6/2014 19:47,C,24.5
6/6/2014 21:47,C,24.5
6/6/2014 23:47,C,24.5
6/7/2014 1:47,C,25
6/7/2014 3:47,C,25
6/7/2014 5:47,C,25
6/7/2014 7:47,C,25
6/7/2014 9:47,C,25
6/7/2014 11:47,C,25
6/7/2014 13:47,C,25
6/7/2014 15:47,C,25
6/7/2014 17:47,C,25
6/7/2014 19:47,C,25
6/7/2014 21:47,C,24.5
6/7/2014 23:47,C,24.5
6/8/2014 1:47,C,24
6/8/2014 3:47,C,24.5
6/8/2014 5:47,C,24.5
6/8/2014 7:47,C,24.5
6/8/2014 9:47,C,25
6/8/2014 11:47,C,24.5
6/8/2014 13:47,C,24.5
6/8/2014 15:47,C,24.5
6/8/2014 17:47,C,24.5
6/8/2014 19:47,C,25
6/8/2014 21:47,C,24.5
6/8/2014 23:47,C,24
6/9/2014 1:47,C,23.5
6/9/2014 3:47,C,23.5
6/9/2014 5:47,C,23.5
6/9/2014 7:47,C,23.5
6/9/2014 9:47,C,23.5
6/9/2014 11:47,C,23.5
6/9/2014 13:47,C,23.5
6/9/2014 15:47,C,23.5
6/9/2014 17:47,C,23.5
6/9/2014 19:47,C,23.5
6/9/2014 21:47,C,23.5
6/9/2014 23:47,C,23.5
6/10/2014 1:47,C,23.5
6/10/2014 3:47,C,23.5
6/10/2014 5:47,C,23.5
6/10/2014 7:47,C,23.5
6/10/2014 9:47,C,23.5
6/10/2014 11:47,C,23.5
6/10/2014 13:47,C,23
6/10/2014 15:47,C,23
6/10/2014 17:47,C,23
6/10/2014 19:47,C,23
6/10/2014 21:47,C,23.5
6/10/2014 23:47,C,23.5
6/11/2014 1:47,C,23.5
6/11/2014 3:47,C,23.5
6/11/2014 5:47,C,23.5
6/11/2014 7:47,C,23.5
6/11/2014 9:47,C,23.5
6/11/2014 11:47,C,23.5
6/11/2014 13:47,C,23.5
6/11/2014 15:47,C,23.5
6/11/2014 17:47,C,24
6/11/2014 19:47,C,24
6/11/2014 21:47,C,24.5
6/11/2014 23:47,C,25
6/12/2014 1:47,C,25
6/12/2014 3:47,C,25.5
6/12/2014 5:47,C,25
6/12/2014 7:47,C,25
6/12/2014 9:47,C,25
6/12/2014 11:47,C,25
6/12/2014 13:47,C,25
6/12/2014 15:47,C,25
6/12/2014 17:47,C,25
6/12/2014 19:47,C,24.5
6/12/2014 21:47,C,24.5
6/12/2014 23:47,C,24
6/13/2014 1:47,C,24.5
6/13/2014 3:47,C,24.5
6/13/2014 5:47,C,24
6/13/2014 7:47,C,24
6/13/2014 9:47,C,24
6/13/2014 11:47,C,24
6/13/2014 13:47,C,24
6/13/2014 15:47,C,24
6/13/2014 17:47,C,24
6/13/2014 19:47,C,24
6/13/2014 21:47,C,24
6/13/2014 23:47,C,24.5
6/14/2014 1:47,C,24
6/14/2014 3:47,C,24
6/14/2014 5:47,C,24
6/14/2014 7:47,C,24
6/14/2014 9:47,C,24
6/14/2014 11:47,C,24.5
6/14/2014 13:47,C,24.5
6/14/2014 15:47,C,25
6/14/2014 17:47,C,25.5
6/14/2014 19:47,C,25.5
6/14/2014 21:47,C,25.5
6/14/2014 23:47,C,25
6/15/2014 1:47,C,25.5
6/15/2014 3:47,C,25.5
6/15/2014 5:47,C,25.5
6/15/2014 7:47,C,25
6/15/2014 9:47,C,25.5
6/15/2014 11:47,C,23.5
6/15/2014 13:47,C,24
6/15/2014 15:47,C,27.5
6/15/2014 17:47,C,30.5
6/15/2014 19:47,C,30.5
6/15/2014 21:47,C,28.5
6/15/2014 23:47,C,28
6/16/2014 1:47,C,27
6/16/2014 3:47,C,26
6/16/2014 5:47,C,25.5
6/16/2014 7:47,C,25.5
6/16/2014 9:47,C,29.5
6/16/2014 11:47,C,26
6/16/2014 13:47,C,28.5
6/16/2014 15:47,C,26.5
6/16/2014 17:47,C,25
6/16/2014 19:47,C,25
6/16/2014 21:47,C,24.5
6/16/2014 23:47,C,24
6/17/2014 1:47,C,24.5
6/17/2014 3:47,C,24.5
6/17/2014 5:47,C,24.5
6/17/2014 7:47,C,24.5
6/17/2014 9:47,C,24.5
6/17/2014 11:47,C,25
6/17/2014 13:47,C,25
6/17/2014 15:47,C,25
6/17/2014 17:47,C,25.5
6/17/2014 19:47,C,25
6/17/2014 21:47,C,24.5
6/17/2014 23:47,C,24.5
6/18/2014 1:47,C,24.5
6/18/2014 3:47,C,24.5
6/18/2014 5:47,C,24.5
6/18/2014 7:47,C,24.5
6/18/2014 9:47,C,25
6/18/2014 11:47,C,25
6/18/2014 13:47,C,25
6/18/2014 15:47,C,25.5
6/18/2014 17:47,C,25.5
6/18/2014 19:47,C,25
6/18/2014 21:47,C,24.5
6/18/2014 23:47,C,24.5
6/19/2014 1:47,C,24.5
6/19/2014 3:47,C,24.5
6/19/2014 5:47,C,24.5
6/19/2014 7:47,C,24.5
6/19/2014 9:47,C,24.5
6/19/2014 11:47,C,25
6/19/2014 13:47,C,25
6/19/2014 15:47,C,25
6/19/2014 17:47,C,24.5
6/19/2014 19:47,C,24.5
6/19/2014 21:47,C,24.5
6/19/2014 23:47,C,24.5
6/20/2014 1:47,C,24.5
6/20/2014 3:47,C,24.5
6/20/2014 5:47,C,24.5
6/20/2014 7:47,C,24.5
6/20/2014 9:47,C,24.5
6/20/2014 11:47,C,24.5
6/20/2014 13:47,C,24.5
6/20/2014 15:47,C,25
6/20/2014 17:47,C,25
6/20/2014 19:47,C,24.5
6/20/2014 21:47,C,24.5
6/20/2014 23:47,C,24.5
6/21/2014 1:47,C,24.5
6/21/2014 3:47,C,25
6/21/2014 5:47,C,25
6/21/2014 7:47,C,25
6/21/2014 9:47,C,25.5
6/21/2014 11:47,C,25.5
6/21/2014 13:47,C,25.5
6/21/2014 15:47,C,26
6/21/2014 17:47,C,26
6/21/2014 19:47,C,25.5
6/21/2014 21:47,C,25
6/21/2014 23:47,C,25
6/22/2014 1:47,C,25
6/22/2014 3:47,C,25
6/22/2014 5:47,C,25
6/22/2014 7:47,C,25.5
6/22/2014 9:47,C,25
6/22/2014 11:47,C,25.5
6/22/2014 13:47,C,25.5
6/22/2014 15:47,C,25.5
6/22/2014 17:47,C,25.5
6/22/2014 19:47,C,25
6/22/2014 21:47,C,25
6/22/2014 23:47,C,25
6/23/2014 1:47,C,24.5
6/23/2014 3:47,C,24.5
6/23/2014 5:47,C,24.5
6/23/2014 7:47,C,24.5
6/23/2014 9:47,C,24.5
6/23/2014 11:47,C,24.5
6/23/2014 13:47,C,25
6/23/2014 15:47,C,25
6/23/2014 17:47,C,24.5
6/23/2014 19:47,C,24
6/23/2014 21:47,C,23.5
6/23/2014 23:47,C,23.5
6/24/2014 1:47,C,23.5
6/24/2014 3:47,C,24
6/24/2014 5:47,C,24
6/24/2014 7:47,C,24
6/24/2014 9:47,C,24
6/24/2014 11:47,C,24.5
6/24/2014 13:47,C,24.5
6/24/2014 15:47,C,24.5
6/24/2014 17:47,C,25
6/24/2014 19:47,C,24.5
6/24/2014 21:47,C,24.5
6/24/2014 23:47,C,24.5
6/25/2014 1:47,C,24.5
6/25/2014 3:47,C,24.5
6/25/2014 5:47,C,24.5
6/25/2014 7:47,C,24.5
6/25/2014 9:47,C,24.5
6/25/2014 11:47,C,24.5
6/25/2014 13:47,C,24
6/25/2014 15:47,C,24
6/25/2014 17:47,C,24
6/25/2014 19:47,C,24.5
6/25/2014 21:47,C,24.5
6/25/2014 23:47,C,24.5
6/26/2014 1:47,C,24.5
6/26/2014 3:47,C,24.5
6/26/2014 5:47,C,24.5
6/26/2014 7:47,C,24.5
6/26/2014 9:47,C,24.5
6/26/2014 11:47,C,24
6/26/2014 13:47,C,24
6/26/2014 15:47,C,24
6/26/2014 17:47,C,24
6/26/2014 19:47,C,24
6/26/2014 21:47,C,24
6/26/2014 23:47,C,24
6/27/2014 1:47,C,24
6/27/2014 3:47,C,24.5
6/27/2014 5:47,C,24.5
6/27/2014 7:47,C,24.5
6/27/2014 9:47,C,24.5
6/27/2014 11:47,C,24.5
6/27/2014 13:47,C,24.5
6/27/2014 15:47,C,25
6/27/2014 17:47,C,25
6/27/2014 19:47,C,24.5
6/27/2014 21:47,C,24.5
6/27/2014 23:47,C,25
6/28/2014 1:47,C,25
6/28/2014 3:47,C,25
6/28/2014 5:47,C,25
6/28/2014 7:47,C,25.5
6/28/2014 9:47,C,25.5
6/28/2014 11:47,C,25.5
6/28/2014 13:47,C,25.5
6/28/2014 15:47,C,25.5
6/28/2014 17:47,C,25
6/28/2014 19:47,C,25
6/28/2014 21:47,C,25
6/28/2014 23:47,C,25
6/29/2014 1:47,C,25
6/29/2014 3:47,C,24.5
6/29/2014 5:47,C,24.5
6/29/2014 7:47,C,24.5
6/29/2014 9:47,C,24.5
6/29/2014 11:47,C,24.5
6/29/2014 13:47,C,25
6/29/2014 15:47,C,25
6/29/2014 17:47,C,25
6/29/2014 19:47,C,24.5
6/29/2014 21:47,C,24.5
6/29/2014 23:47,C,24.5
6/30/2014 1:47,C,24.5
6/30/2014 3:47,C,24.5
6/30/2014 5:47,C,24.5
6/30/2014 7:47,C,24.5
6/30/2014 9:47,C,24.5
6/30/2014 11:47,C,25
6/30/2014 13:47,C,25
6/30/2014 15:47,C,25
6/30/2014 17:47,C,25
6/30/2014 19:47,C,24.5
6/30/2014 21:47,C,24.5
6/30/2014 23:47,C,24.5
7/1/2014 1:47,C,24.5
7/1/2014 3:47,C,24.5
7/1/2014 5:47,C,24.5
7/1/2014 7:47,C,24.5
7/1/2014 9:47,C,24.5
7/1/2014 11:47,C,24.5
7/1/2014 13:47,C,25
7/1/2014 15:47,C,25
7/1/2014 17:47,C,25
7/1/2014 19:47,C,25
7/1/2014 21:47,C,24.5
7/1/2014 23:47,C,24.5
7/2/2014 1:47,C,24.5
7/2/2014 3:47,C,24.5
7/2/2014 5:47,C,24.5
7/2/2014 7:47,C,24.5
7/2/2014 9:47,C,24.5
7/2/2014 11:47,C,24.5
7/2/2014 13:47,C,24.5
7/2/2014 15:47,C,25
7/2/2014 17:47,C,25
7/2/2014 19:47,C,24.5
7/2/2014 21:47,C,24.5
7/2/2014 23:47,C,24.5
7/3/2014 1:47,C,24.5
7/3/2014 3:47,C,24.5
7/3/2014 5:47,C,24.5
7/3/2014 7:47,C,24.5
7/3/2014 9:47,C,24.5
7/3/2014 11:47,C,24.5
7/3/2014 13:47,C,24.5
7/3/2014 15:47,C,24.5
7/3/2014 17:47,C,24.5
7/3/2014 19:47,C,24
7/3/2014 21:47,C,24
7/3/2014 23:47,C,24
7/4/2014 1:47,C,24.5
7/4/2014 3:47,C,24.5
7/4/2014 5:47,C,24.5
7/4/2014 7:47,C,24.5
7/4/2014 9:47,C,24.5
7/4/2014 11:47,C,24.5
7/4/2014 13:47,C,24.5
7/4/2014 15:47,C,25
7/4/2014 17:47,C,25
7/4/2014 19:47,C,24.5
7/4/2014 21:47,C,24.5
7/4/2014 23:47,C,24.5
7/5/2014 1:47,C,24.5
7/5/2014 3:47,C,24
7/5/2014 5:47,C,23.5
7/5/2014 7:47,C,24
7/5/2014 9:47,C,24
7/5/2014 11:47,C,24
7/5/2014 13:47,C,24
7/5/2014 15:47,C,24.5
7/5/2014 17:47,C,24.5
7/5/2014 19:47,C,24.5
7/5/2014 21:47,C,24.5
7/5/2014 23:47,C,24.5
7/6/2014 1:47,C,24.5
7/6/2014 3:47,C,24.5
7/6/2014 5:47,C,24.5
7/6/2014 7:47,C,24.5
7/6/2014 9:47,C,24.5
7/6/2014 11:47,C,24.5
7/6/2014 13:47,C,25
7/6/2014 15:47,C,25
7/6/2014 17:47,C,25
7/6/2014 19:47,C,25
7/6/2014 21:47,C,25
7/6/2014 23:47,C,25
7/7/2014 1:47,C,24.5
7/7/2014 3:47,C,24.5
7/7/2014 5:47,C,24.5
7/7/2014 7:47,C,24.5
7/7/2014 9:47,C,24.5
7/7/2014 11:47,C,25
7/7/2014 13:47,C,25
7/7/2014 15:47,C,25
7/7/2014 17:47,C,25.5
7/7/2014 19:47,C,25.5
7/7/2014 21:47,C,25
7/7/2014 23:47,C,24.5
7/8/2014 1:47,C,24.5
7/8/2014 3:47,C,24.5
7/8/2014 5:47,C,24.5
7/8/2014 7:47,C,24.5
7/8/2014 9:47,C,24.5
7/8/2014 11:47,C,25
7/8/2014 13:47,C,25
7/8/2014 15:47,C,25
7/8/2014 17:47,C,25
7/8/2014 19:47,C,25
7/8/2014 21:47,C,25
7/8/2014 23:47,C,25
7/9/2014 1:47,C,24.5
7/9/2014 3:47,C,24.5
7/9/2014 5:47,C,24.5
7/9/2014 7:47,C,24.5
7/9/2014 9:47,C,24.5
7/9/2014 11:47,C,25
7/9/2014 13:47,C,25
7/9/2014 15:47,C,25
7/9/2014 17:47,C,25.5
7/9/2014 19:47,C,25
7/9/2014 21:47,C,24.5
7/9/2014 23:47,C,24.5
7/10/2014 1:47,C,24.5
7/10/2014 3:47,C,24.5
7/10/2014 5:47,C,24.5
7/10/2014 7:47,C,24.5
7/10/2014 9:47,C,24.5
7/10/2014 11:47,C,24.5
7/10/2014 13:47,C,25
7/10/2014 15:47,C,25
7/10/2014 17:47,C,24.5
7/10/2014 19:47,C,24.5
7/10/2014 21:47,C,25
7/10/2014 23:47,C,25
7/11/2014 1:47,C,25
7/11/2014 3:47,C,25.5
7/11/2014 5:47,C,25.5
7/11/2014 7:47,C,25.5
7/11/2014 9:47,C,25.5
7/11/2014 11:47,C,25.5
7/11/2014 13:47,C,25.5
7/11/2014 15:47,C,25.5
7/11/2014 17:47,C,25.5
7/11/2014 19:47,C,25.5
7/11/2014 21:47,C,25.5
7/11/2014 23:47,C,25.5
7/12/2014 1:47,C,25.5
7/12/2014 3:47,C,25.5
7/12/2014 5:47,C,26
7/12/2014 7:47,C,26
7/12/2014 9:47,C,27
7/12/2014 11:47,C,28
7/12/2014 13:47,C,30
7/12/2014 15:47,C,31
7/12/2014 17:47,C,31
7/12/2014 19:47,C,31
7/12/2014 21:47,C,31
7/12/2014 23:47,C,30
7/13/2014 1:47,C,29
7/13/2014 3:47,C,28.5
7/13/2014 5:47,C,28
7/13/2014 7:47,C,27
7/13/2014 9:47,C,27
7/13/2014 11:47,C,27.5
7/13/2014 13:47,C,28
7/13/2014 15:47,C,27.5
7/13/2014 17:47,C,26.5
7/13/2014 19:47,C,26.5
7/13/2014 21:47,C,26
7/13/2014 23:47,C,25.5
7/14/2014 1:47,C,25.5
7/14/2014 3:47,C,25
7/14/2014 5:47,C,25
7/14/2014 7:47,C,25
7/14/2014 9:47,C,25
7/14/2014 11:47,C,25
7/14/2014 13:47,C,25
7/14/2014 15:47,C,25
7/14/2014 17:47,C,25
7/14/2014 19:47,C,25
7/14/2014 21:47,C,24.5
7/14/2014 23:47,C,24
7/15/2014 1:47,C,24
7/15/2014 3:47,C,23.5
7/15/2014 5:47,C,23.5
7/15/2014 7:47,C,23.5
7/15/2014 9:47,C,23.5
7/15/2014 11:47,C,23.5
7/15/2014 13:47,C,23
7/15/2014 15:47,C,23
7/15/2014 17:47,C,23
7/15/2014 19:47,C,23
7/15/2014 21:47,C,22.5
7/15/2014 23:47,C,22.5
7/16/2014 1:47,C,22.5
7/16/2014 3:47,C,22.5
7/16/2014 5:47,C,22.5
7/16/2014 7:47,C,22.5
7/16/2014 9:47,C,22.5
7/16/2014 11:47,C,22.5
7/16/2014 13:47,C,22.5
7/16/2014 15:47,C,22.5
7/16/2014 17:47,C,22.5
7/16/2014 19:47,C,22.5
7/16/2014 21:47,C,22.5
7/16/2014 23:47,C,22.5
7/17/2014 1:47,C,23
7/17/2014 3:47,C,23
7/17/2014 5:47,C,23
7/17/2014 7:47,C,23
7/17/2014 9:47,C,23
7/17/2014 11:47,C,23
7/17/2014 13:47,C,23
7/17/2014 15:47,C,23
7/17/2014 17:47,C,23
7/17/2014 19:47,C,23
7/17/2014 21:47,C,23
7/17/2014 23:47,C,23
7/18/2014 1:47,C,23
7/18/2014 3:47,C,23
7/18/2014 5:47,C,23
7/18/2014 7:47,C,22.5
7/18/2014 9:47,C,22.5
7/18/2014 11:47,C,22.5
7/18/2014 13:47,C,22.5
7/18/2014 15:47,C,22.5
7/18/2014 17:47,C,22.5
7/18/2014 19:47,C,22.5
7/18/2014 21:47,C,23
7/18/2014 23:47,C,23
7/19/2014 1:47,C,23
7/19/2014 3:47,C,23
7/19/2014 5:47,C,23
7/19/2014 7:47,C,23
7/19/2014 9:47,C,23
7/19/2014 11:47,C,23
7/19/2014 13:47,C,23
7/19/2014 15:47,C,23
7/19/2014 17:47,C,23.5
7/19/2014 19:47,C,23.5
7/19/2014 21:47,C,23.5
7/19/2014 23:47,C,24
7/20/2014 1:47,C,24
7/20/2014 3:47,C,24
7/20/2014 5:47,C,24
7/20/2014 7:47,C,24
7/20/2014 9:47,C,24
7/20/2014 11:47,C,24
7/20/2014 13:47,C,23.5
7/20/2014 15:47,C,23.5
7/20/2014 17:47,C,23.5
7/20/2014 19:47,C,23.5
7/20/2014 21:47,C,23.5
7/20/2014 23:47,C,23.5
7/21/2014 1:47,C,23.5
7/21/2014 3:47,C,23.5
7/21/2014 5:47,C,23.5
7/21/2014 7:47,C,23.5
7/21/2014 9:47,C,23.5
7/21/2014 11:47,C,23.5
7/21/2014 13:47,C,23.5
7/21/2014 15:47,C,24
7/21/2014 17:47,C,24
7/21/2014 19:47,C,24
7/21/2014 21:47,C,24
7/21/2014 23:47,C,24
7/22/2014 1:47,C,24
7/22/2014 3:47,C,24
7/22/2014 5:47,C,24
7/22/2014 7:47,C,24
7/22/2014 9:47,C,24
7/22/2014 11:47,C,24
7/22/2014 13:47,C,24.5
7/22/2014 15:47,C,24.5
7/22/2014 17:47,C,25
7/22/2014 19:47,C,24.5
7/22/2014 21:47,C,24.5
7/22/2014 23:47,C,24.5
7/23/2014 1:47,C,24
7/23/2014 3:47,C,24
7/23/2014 5:47,C,24
7/23/2014 7:47,C,23.5
7/23/2014 9:47,C,23.5
7/23/2014 11:47,C,23.5
7/23/2014 13:47,C,24
7/23/2014 15:47,C,24
7/23/2014 17:47,C,23.5
7/23/2014 19:47,C,23.5
7/23/2014 21:47,C,23.5
7/23/2014 23:47,C,23
7/24/2014 1:47,C,23
7/24/2014 3:47,C,23
7/24/2014 5:47,C,23
7/24/2014 7:47,C,23
7/24/2014 9:47,C,23
7/24/2014 11:47,C,26.5
7/24/2014 13:47,C,27.5
7/24/2014 15:47,C,28.5
7/24/2014 17:47,C,27.5
7/24/2014 19:47,C,26.5
7/24/2014 21:47,C,25.5
7/24/2014 23:47,C,25
7/25/2014 1:47,C,24
7/25/2014 3:47,C,24
7/25/2014 5:47,C,23.5
7/25/2014 7:47,C,23.5
7/25/2014 9:47,C,30.5
7/25/2014 11:47,C,29
7/25/2014 13:47,C,27.5
7/25/2014 15:47,C,24
7/25/2014 17:47,C,24
7/25/2014 19:47,C,24
7/25/2014 21:47,C,23.5
7/25/2014 23:47,C,23
7/26/2014 1:47,C,23
7/26/2014 3:47,C,22.5
7/26/2014 5:47,C,22.5
7/26/2014 7:47,C,22
7/26/2014 9:47,C,22
7/26/2014 11:47,C,22.5
7/26/2014 13:47,C,23.5
7/26/2014 15:47,C,24.5
7/26/2014 17:47,C,24.5
7/26/2014 19:47,C,24.5
7/26/2014 21:47,C,24
7/26/2014 23:47,C,24
7/27/2014 1:47,C,23.5
7/27/2014 3:47,C,23
7/27/2014 5:47,C,23
7/27/2014 7:47,C,22.5
7/27/2014 9:47,C,22.5
7/27/2014 11:47,C,23
7/27/2014 13:47,C,24
7/27/2014 15:47,C,25
7/27/2014 17:47,C,25
7/27/2014 19:47,C,25
7/27/2014 21:47,C,24.5
7/27/2014 23:47,C,24
7/28/2014 1:47,C,23.5
7/28/2014 3:47,C,23
7/28/2014 5:47,C,22.5
7/28/2014 7:47,C,22
7/28/2014 9:47,C,22
7/28/2014 11:47,C,22
7/28/2014 13:47,C,22.5
7/28/2014 15:47,C,23
7/28/2014 17:47,C,23
7/28/2014 19:47,C,23
7/28/2014 21:47,C,23
7/28/2014 23:47,C,22
7/29/2014 1:47,C,21.5
7/29/2014 3:47,C,21
7/29/2014 5:47,C,20.5
7/29/2014 7:47,C,20
7/29/2014 9:47,C,20.5
7/29/2014 11:47,C,21
7/29/2014 13:47,C,21.5
7/29/2014 15:47,C,23
7/29/2014 17:47,C,23
7/29/2014 19:47,C,23
7/29/2014 21:47,C,23
7/29/2014 23:47,C,22.5
7/30/2014 1:47,C,22
7/30/2014 3:47,C,22
7/30/2014 5:47,C,21.5
7/30/2014 7:47,C,21.5
7/30/2014 9:47,C,21.5
7/30/2014 11:47,C,21.5
7/30/2014 13:47,C,21.5
7/30/2014 15:47,C,21.5
7/30/2014 17:47,C,21.5
7/30/2014 19:47,C,21
7/30/2014 21:47,C,21
7/30/2014 23:47,C,20.5
7/31/2014 1:47,C,20.5
7/31/2014 3:47,C,20.5
7/31/2014 5:47,C,20.5
7/31/2014 7:47,C,20.5
7/31/2014 9:47,C,20
7/31/2014 11:47,C,20
7/31/2014 13:47,C,20
7/31/2014 15:47,C,20
7/31/2014 17:47,C,20
7/31/2014 19:47,C,20
7/31/2014 21:47,C,20
7/31/2014 23:47,C,20
8/1/2014 1:47,C,20
8/1/2014 3:47,C,20
8/1/2014 5:47,C,20
8/1/2014 7:47,C,20
8/1/2014 9:47,C,20
8/1/2014 11:47,C,20
8/1/2014 13:47,C,20.5
8/1/2014 15:47,C,21.5
8/1/2014 17:47,C,21.5
8/1/2014 19:47,C,21.5
8/1/2014 21:47,C,21
8/1/2014 23:47,C,20.5
8/2/2014 1:47,C,20.5
8/2/2014 3:47,C,20
8/2/2014 5:47,C,19.5
8/2/2014 7:47,C,19.5
8/2/2014 9:47,C,19.5
8/2/2014 11:47,C,20
8/2/2014 13:47,C,20.5
8/2/2014 15:47,C,21
8/2/2014 17:47,C,21
8/2/2014 19:47,C,21.5
8/2/2014 21:47,C,21
8/2/2014 23:47,C,21
8/3/2014 1:47,C,20.5
8/3/2014 3:47,C,20.5
8/3/2014 5:47,C,20
8/3/2014 7:47,C,20
8/3/2014 9:47,C,20
8/3/2014 11:47,C,20.5
8/3/2014 13:47,C,21
8/3/2014 15:47,C,21.5
8/3/2014 17:47,C,21.5
8/3/2014 19:47,C,21.5
8/3/2014 21:47,C,21.5
8/3/2014 23:47,C,21.5
8/4/2014 1:47,C,21
8/4/2014 3:47,C,20.5
8/4/2014 5:47,C,20.5
8/4/2014 7:47,C,20
8/4/2014 9:47,C,20
8/4/2014 11:47,C,20.5
8/4/2014 13:47,C,21
8/4/2014 15:47,C,21.5
8/4/2014 17:47,C,22
8/4/2014 19:47,C,22
8/4/2014 21:47,C,21.5
8/4/2014 23:47,C,21.5
8/5/2014 1:47,C,21
8/5/2014 3:47,C,20.5
8/5/2014 5:47,C,20
8/5/2014 7:47,C,20
8/5/2014 9:47,C,20
8/5/2014 11:47,C,20.5
8/5/2014 13:47,C,21.5
8/5/2014 15:47,C,22
8/5/2014 17:47,C,22
8/5/2014 19:47,C,22
8/5/2014 21:47,C,22
8/5/2014 23:47,C,21.5
8/6/2014 1:47,C,21.5
8/6/2014 3:47,C,21
8/6/2014 5:47,C,20.5
8/6/2014 7:47,C,20.5
8/6/2014 9:47,C,20.5
8/6/2014 11:47,C,21
8/6/2014 13:47,C,22
8/6/2014 15:47,C,22.5
8/6/2014 17:47,C,23
8/6/2014 19:47,C,23
8/6/2014 21:47,C,22.5
8/6/2014 23:47,C,22.5
8/7/2014 1:47,C,22.5
8/7/2014 3:47,C,22
8/7/2014 5:47,C,22
8/7/2014 7:47,C,22
8/7/2014 9:47,C,21.5
8/7/2014 11:47,C,21
8/7/2014 13:47,C,21
8/7/2014 15:47,C,21
8/7/2014 17:47,C,21
8/7/2014 19:47,C,21
8/7/2014 21:47,C,21
8/7/2014 23:47,C,21
8/8/2014 1:47,C,21
8/8/2014 3:47,C,21
8/8/2014 5:47,C,21
8/8/2014 7:47,C,21
8/8/2014 9:47,C,21.5
8/8/2014 11:47,C,22
8/8/2014 13:47,C,22
8/8/2014 15:47,C,23
8/8/2014 17:47,C,23
8/8/2014 19:47,C,23
8/8/2014 21:47,C,22.5
8/8/2014 23:47,C,22.5
8/9/2014 1:47,C,22
8/9/2014 3:47,C,22
8/9/2014 5:47,C,22
8/9/2014 7:47,C,22
8/9/2014 9:47,C,22
8/9/2014 11:47,C,22
8/9/2014 13:47,C,22.5
8/9/2014 15:47,C,21.5
8/9/2014 17:47,C,21
8/9/2014 19:47,C,21
8/9/2014 21:47,C,21
8/9/2014 23:47,C,21
8/10/2014 1:47,C,20.5
8/10/2014 3:47,C,20.5
8/10/2014 5:47,C,20.5
8/10/2014 7:47,C,20.5
8/10/2014 9:47,C,20.5
8/10/2014 11:47,C,20.5
8/10/2014 13:47,C,20.5
8/10/2014 15:47,C,20.5
8/10/2014 17:47,C,20.5
8/10/2014 19:47,C,20.5
8/10/2014 21:47,C,20.5
8/10/2014 23:47,C,20.5
8/11/2014 1:47,C,20.5
8/11/2014 3:47,C,20.5
8/11/2014 5:47,C,20.5
8/11/2014 7:47,C,20.5
8/11/2014 9:47,C,20.5
8/11/2014 11:47,C,21
8/11/2014 13:47,C,21
8/11/2014 15:47,C,21
8/11/2014 17:47,C,21
8/11/2014 19:47,C,21
8/11/2014 21:47,C,21
8/11/2014 23:47,C,20.5
8/12/2014 1:47,C,20.5
8/12/2014 3:47,C,20.5
8/12/2014 5:47,C,20
8/12/2014 7:47,C,20
8/12/2014 9:47,C,20
8/12/2014 11:47,C,20
8/12/2014 13:47,C,20.5
8/12/2014 15:47,C,20.5
8/12/2014 17:47,C,20.5
8/12/2014 19:47,C,20.5
8/12/2014 21:47,C,20
8/12/2014 23:47,C,20
8/13/2014 1:47,C,19.5
8/13/2014 3:47,C,19.5
8/13/2014 5:47,C,19.5
8/13/2014 7:47,C,19.5
8/13/2014 9:47,C,19.5
8/13/2014 11:47,C,20
8/13/2014 13:47,C,20
8/13/2014 15:47,C,20
8/13/2014 17:47,C,20
8/13/2014 19:47,C,20.5
8/13/2014 21:47,C,20
8/13/2014 23:47,C,20
8/14/2014 1:47,C,19.5
8/14/2014 3:47,C,19
8/14/2014 5:47,C,19
8/14/2014 7:47,C,19
8/14/2014 9:47,C,19.5
8/14/2014 11:47,C,19.5
8/14/2014 13:47,C,20
8/14/2014 15:47,C,20
8/14/2014 17:47,C,20.5
8/14/2014 19:47,C,20.5
8/14/2014 21:47,C,20.5
8/14/2014 23:47,C,20.5
8/15/2014 1:47,C,20.5
8/15/2014 3:47,C,20
8/15/2014 5:47,C,20
8/15/2014 7:47,C,20
8/15/2014 9:47,C,20
8/15/2014 11:47,C,20
8/15/2014 13:47,C,20.5
8/15/2014 15:47,C,21.5
8/15/2014 17:47,C,21.5
8/15/2014 19:47,C,21.5
8/15/2014 21:47,C,21.5
8/15/2014 23:47,C,21.5
8/16/2014 1:47,C,21
8/16/2014 3:47,C,21
8/16/2014 5:47,C,21
8/16/2014 7:47,C,20.5
8/16/2014 9:47,C,20.5
8/16/2014 11:47,C,21
8/16/2014 13:47,C,21.5
8/16/2014 15:47,C,22
8/16/2014 17:47,C,22.5
8/16/2014 19:47,C,22.5
8/16/2014 21:47,C,22.5
8/16/2014 23:47,C,22
8/17/2014 1:47,C,22
8/17/2014 3:47,C,22
8/17/2014 5:47,C,21.5
8/17/2014 7:47,C,21.5
8/17/2014 9:47,C,21.5
8/17/2014 11:47,C,22
8/17/2014 13:47,C,22.5
8/17/2014 15:47,C,23
8/17/2014 17:47,C,23.5
8/17/2014 19:47,C,23
8/17/2014 21:47,C,23
8/17/2014 23:47,C,22.5
8/18/2014 1:47,C,22.5
8/18/2014 3:47,C,22
8/18/2014 5:47,C,22
8/18/2014 7:47,C,21.5
8/18/2014 9:47,C,21.5
8/18/2014 11:47,C,22
8/18/2014 13:47,C,22.5
8/18/2014 15:47,C,22.5
8/18/2014 17:47,C,22
8/18/2014 19:47,C,22
8/18/2014 21:47,C,22
8/18/2014 23:47,C,21.5
8/19/2014 1:47,C,21.5
8/19/2014 3:47,C,21
8/19/2014 5:47,C,21
8/19/2014 7:47,C,21
8/19/2014 9:47,C,21
8/19/2014 11:47,C,21.5
8/19/2014 13:47,C,22
8/19/2014 15:47,C,22.5
8/19/2014 17:47,C,23
8/19/2014 19:47,C,23
8/19/2014 21:47,C,22.5
8/19/2014 23:47,C,22.5
8/20/2014 1:47,C,22.5
8/20/2014 3:47,C,22
8/20/2014 5:47,C,22
8/20/2014 7:47,C,22
8/20/2014 9:47,C,22
8/20/2014 11:47,C,22
8/20/2014 13:47,C,22.5
8/20/2014 15:47,C,23
8/20/2014 17:47,C,23
8/20/2014 19:47,C,23
8/20/2014 21:47,C,23
8/20/2014 23:47,C,22.5
8/21/2014 1:47,C,22.5
8/21/2014 3:47,C,22.5
8/21/2014 5:47,C,22
8/21/2014 7:47,C,22
8/21/2014 9:47,C,22
8/21/2014 11:47,C,22.5
8/21/2014 13:47,C,23
8/21/2014 15:47,C,23.5
8/21/2014 17:47,C,23.5
8/21/2014 19:47,C,23.5
8/21/2014 21:47,C,23.5
8/21/2014 23:47,C,23
8/22/2014 1:47,C,23
8/22/2014 3:47,C,23
8/22/2014 5:47,C,23
8/22/2014 7:47,C,22.5
8/22/2014 9:47,C,22.5
8/22/2014 11:47,C,23
8/22/2014 13:47,C,23.5
8/22/2014 15:47,C,24
8/22/2014 17:47,C,24.5
8/22/2014 19:47,C,24
8/22/2014 21:47,C,24
8/22/2014 23:47,C,23.5
8/23/2014 1:47,C,23.5
8/23/2014 3:47,C,23
8/23/2014 5:47,C,23
8/23/2014 7:47,C,22.5
8/23/2014 9:47,C,22.5
8/23/2014 11:47,C,23
8/23/2014 13:47,C,23.5
8/23/2014 15:47,C,24
8/23/2014 17:47,C,24
8/23/2014 19:47,C,24
8/23/2014 21:47,C,24
8/23/2014 23:47,C,23.5
8/24/2014 1:47,C,23.5
8/24/2014 3:47,C,23
8/24/2014 5:47,C,22.5
8/24/2014 7:47,C,22.5
8/24/2014 9:47,C,22.5
8/24/2014 11:47,C,23
8/24/2014 13:47,C,23.5
8/24/2014 15:47,C,24
8/24/2014 17:47,C,24
8/24/2014 19:47,C,24
8/24/2014 21:47,C,24
8/24/2014 23:47,C,23.5
8/25/2014 1:47,C,23.5
8/25/2014 3:47,C,23
8/25/2014 5:47,C,22.5
8/25/2014 7:47,C,22.5
8/25/2014 9:47,C,22.5
8/25/2014 11:47,C,23
8/25/2014 13:47,C,23.5
8/25/2014 15:47,C,24
8/25/2014 17:47,C,24
8/25/2014 19:47,C,24
8/25/2014 21:47,C,24
8/25/2014 23:47,C,23.5
8/26/2014 1:47,C,23.5
8/26/2014 3:47,C,23
8/26/2014 5:47,C,23
8/26/2014 7:47,C,22.5
8/26/2014 9:47,C,22.5
8/26/2014 11:47,C,23
8/26/2014 13:47,C,23.5
8/26/2014 15:47,C,24.5
8/26/2014 17:47,C,24.5
8/26/2014 19:47,C,24.5
8/26/2014 21:47,C,24
8/26/2014 23:47,C,23.5
8/27/2014 1:47,C,23.5
8/27/2014 3:47,C,23
8/27/2014 5:47,C,23
8/27/2014 7:47,C,22.5
8/27/2014 9:47,C,22.5
8/27/2014 11:47,C,23
8/27/2014 13:47,C,23.5
8/27/2014 15:47,C,23.5
8/27/2014 17:47,C,24
8/27/2014 19:47,C,24
8/27/2014 21:47,C,24
8/27/2014 23:47,C,23.5
8/28/2014 1:47,C,23.5
8/28/2014 3:47,C,23
8/28/2014 5:47,C,22.5
8/28/2014 7:47,C,22.5
8/28/2014 9:47,C,22.5
8/28/2014 11:47,C,22.5
8/28/2014 13:47,C,23
8/28/2014 15:47,C,23.5
8/28/2014 17:47,C,23.5
8/28/2014 19:47,C,23.5
8/28/2014 21:47,C,23.5
8/28/2014 23:47,C,23.5
8/29/2014 1:47,C,23
8/29/2014 3:47,C,23
8/29/2014 5:47,C,23
8/29/2014 7:47,C,22.5
8/29/2014 9:47,C,22.5
8/29/2014 11:47,C,23
8/29/2014 13:47,C,23
8/29/2014 15:47,C,23.5
8/29/2014 17:47,C,23.5
8/29/2014 19:47,C,23.5
8/29/2014 21:47,C,23
8/29/2014 23:47,C,23
8/30/2014 1:47,C,23
8/30/2014 3:47,C,22.5
8/30/2014 5:47,C,22.5
8/30/2014 7:47,C,22.5
8/30/2014 9:47,C,22.5
8/30/2014 11:47,C,22.5
8/30/2014 13:47,C,22.5
8/30/2014 15:47,C,23
8/30/2014 17:47,C,23
8/30/2014 19:47,C,23
8/30/2014 21:47,C,23
8/30/2014 23:47,C,22.5
8/31/2014 1:47,C,22.5
8/31/2014 3:47,C,22.5
8/31/2014 5:47,C,22
8/31/2014 7:47,C,22
8/31/2014 9:47,C,22
8/31/2014 11:47,C,22.5
8/31/2014 13:47,C,23
8/31/2014 15:47,C,23.5
8/31/2014 17:47,C,23.5
8/31/2014 19:47,C,23.5
8/31/2014 21:47,C,23.5
8/31/2014 23:47,C,23.5
9/1/2014 1:47,C,23
9/1/2014 3:47,C,23
9/1/2014 5:47,C,22.5
9/1/2014 7:47,C,22.5
9/1/2014 9:47,C,22.5
9/1/2014 11:47,C,23
9/1/2014 13:47,C,23.5
9/1/2014 15:47,C,24
9/1/2014 17:47,C,24
9/1/2014 19:47,C,24
9/1/2014 21:47,C,24
9/1/2014 23:47,C,23.5
9/2/2014 1:47,C,23.5
9/2/2014 3:47,C,23
9/2/2014 5:47,C,23
9/2/2014 7:47,C,23
9/2/2014 9:47,C,21.5
9/2/2014 11:47,C,21.5
9/2/2014 13:47,C,21.5
9/2/2014 15:47,C,21.5
9/2/2014 17:47,C,21.5
9/2/2014 19:47,C,21.5
9/2/2014 21:47,C,21.5
9/2/2014 23:47,C,21.5
9/3/2014 1:47,C,21
9/3/2014 3:47,C,21
9/3/2014 5:47,C,21
9/3/2014 7:47,C,21
9/3/2014 9:47,C,21
9/3/2014 11:47,C,21.5
9/3/2014 13:47,C,22
9/3/2014 15:47,C,22.5
9/3/2014 17:47,C,23
9/3/2014 19:47,C,23
9/3/2014 21:47,C,23
9/3/2014 23:47,C,22.5
9/4/2014 1:47,C,22.5
9/4/2014 3:47,C,22.5
9/4/2014 5:47,C,22
9/4/2014 7:47,C,22
9/4/2014 9:47,C,22
9/4/2014 11:47,C,22.5
9/4/2014 13:47,C,23
9/4/2014 15:47,C,23.5
9/4/2014 17:47,C,23.5
9/4/2014 19:47,C,23.5
9/4/2014 21:47,C,23
9/4/2014 23:47,C,23
9/5/2014 1:47,C,23
9/5/2014 3:47,C,22.5
9/5/2014 5:47,C,22
9/5/2014 7:47,C,22
9/5/2014 9:47,C,22
9/5/2014 11:47,C,22.5
9/5/2014 13:47,C,23
9/5/2014 15:47,C,23.5
9/5/2014 17:47,C,23.5
9/5/2014 19:47,C,23.5
9/5/2014 21:47,C,23.5
9/5/2014 23:47,C,23
9/6/2014 1:47,C,23
9/6/2014 3:47,C,22.5
9/6/2014 5:47,C,22
9/6/2014 7:47,C,22
9/6/2014 9:47,C,22
9/6/2014 11:47,C,22
9/6/2014 13:47,C,22.5
9/6/2014 15:47,C,22.5
9/6/2014 17:47,C,22
9/6/2014 19:47,C,21.5
9/6/2014 21:47,C,21.5
9/6/2014 23:47,C,21
9/7/2014 1:47,C,21
9/7/2014 3:47,C,21
9/7/2014 5:47,C,20.5
9/7/2014 7:47,C,20.5
9/7/2014 9:47,C,20.5
9/7/2014 11:47,C,20.5
9/7/2014 13:47,C,21
9/7/2014 15:47,C,21.5
9/7/2014 17:47,C,22
9/7/2014 19:47,C,22
9/7/2014 21:47,C,21.5
9/7/2014 23:47,C,21.5
9/8/2014 1:47,C,21
9/8/2014 3:47,C,21
9/8/2014 5:47,C,20.5
9/8/2014 7:47,C,20.5
9/8/2014 9:47,C,20.5
9/8/2014 11:47,C,21
9/8/2014 13:47,C,21.5
9/8/2014 15:47,C,22
9/8/2014 17:47,C,22.5
9/8/2014 19:47,C,22.5
9/8/2014 21:47,C,22
9/8/2014 23:47,C,22
9/9/2014 1:47,C,22
9/9/2014 3:47,C,22
9/9/2014 5:47,C,21.5
9/9/2014 7:47,C,21.5
9/9/2014 9:47,C,22
9/9/2014 11:47,C,22
9/9/2014 13:47,C,23
9/9/2014 15:47,C,23.5
9/9/2014 17:47,C,24
9/9/2014 19:47,C,23.5
9/9/2014 21:47,C,23.5
9/9/2014 23:47,C,23
9/10/2014 1:47,C,23
9/10/2014 3:47,C,22.5
9/10/2014 5:47,C,22.5
9/10/2014 7:47,C,22.5
9/10/2014 9:47,C,22.5
9/10/2014 11:47,C,23
9/10/2014 13:47,C,23.5
9/10/2014 15:47,C,24
9/10/2014 17:47,C,24
9/10/2014 19:47,C,24
9/10/2014 21:47,C,23.5
9/10/2014 23:47,C,23
9/11/2014 1:47,C,22.5
9/11/2014 3:47,C,22
9/11/2014 5:47,C,22
9/11/2014 7:47,C,21.5
9/11/2014 9:47,C,21.5
9/11/2014 11:47,C,21.5
9/11/2014 13:47,C,21.5
9/11/2014 15:47,C,21.5
9/11/2014 17:47,C,21
9/11/2014 19:47,C,21
9/11/2014 21:47,C,21
9/11/2014 23:47,C,20.5
9/12/2014 1:47,C,20.5
9/12/2014 3:47,C,20.5
9/12/2014 5:47,C,20
9/12/2014 7:47,C,20
9/12/2014 9:47,C,19.5
9/12/2014 11:47,C,19
9/12/2014 13:47,C,19
9/12/2014 15:47,C,19
9/12/2014 17:47,C,18.5
9/12/2014 19:47,C,18
9/12/2014 21:47,C,17.5
9/12/2014 23:47,C,17
9/13/2014 1:47,C,16.5
9/13/2014 3:47,C,16.5
9/13/2014 5:47,C,16
9/13/2014 7:47,C,16
9/13/2014 9:47,C,16
9/13/2014 11:47,C,16
9/13/2014 13:47,C,16
9/13/2014 15:47,C,16.5
9/13/2014 17:47,C,17
9/13/2014 19:47,C,17
9/13/2014 21:47,C,17
9/13/2014 23:47,C,16.5
9/14/2014 1:47,C,16
9/14/2014 3:47,C,16
9/14/2014 5:47,C,16
9/14/2014 7:47,C,16
9/14/2014 9:47,C,16
9/14/2014 11:47,C,16.5
9/14/2014 13:47,C,17.5
9/14/2014 15:47,C,18
9/14/2014 17:47,C,18.5
9/14/2014 19:47,C,18.5
9/14/2014 21:47,C,18.5
9/14/2014 23:47,C,18.5
9/15/2014 1:47,C,18.5
9/15/2014 3:47,C,18.5
9/15/2014 5:47,C,18
9/15/2014 7:47,C,18
9/15/2014 9:47,C,18.5
9/15/2014 11:47,C,18.5
9/15/2014 13:47,C,19
9/15/2014 15:47,C,19.5
9/15/2014 17:47,C,20
9/15/2014 19:47,C,20
9/15/2014 21:47,C,20
9/15/2014 23:47,C,19.5
9/16/2014 1:47,C,19.5
9/16/2014 3:47,C,19.5
9/16/2014 5:47,C,19
9/16/2014 7:47,C,19
9/16/2014 9:47,C,19
9/16/2014 11:47,C,19.5
9/16/2014 13:47,C,20
9/16/2014 15:47,C,20.5
9/16/2014 17:47,C,21
9/16/2014 19:47,C,21
9/16/2014 21:47,C,20.5
9/16/2014 23:47,C,20.5
9/17/2014 1:47,C,20
9/17/2014 3:47,C,20
9/17/2014 5:47,C,20
9/17/2014 7:47,C,20
9/17/2014 9:47,C,20
9/17/2014 11:47,C,20.5
9/17/2014 13:47,C,21
9/17/2014 15:47,C,21.5
9/17/2014 17:47,C,21.5
9/17/2014 19:47,C,21.5
9/17/2014 21:47,C,21
9/17/2014 23:47,C,20.5
9/18/2014 1:47,C,20
9/18/2014 3:47,C,20
9/18/2014 5:47,C,19.5
9/18/2014 7:47,C,19.5
9/18/2014 9:47,C,19.5
9/18/2014 11:47,C,19.5
9/18/2014 13:47,C,20
9/18/2014 15:47,C,20.5
9/18/2014 17:47,C,21
9/18/2014 19:47,C,20.5
9/18/2014 21:47,C,20.5
9/18/2014 23:47,C,20
9/19/2014 1:47,C,20
9/19/2014 3:47,C,20
9/19/2014 5:47,C,20
9/19/2014 7:47,C,19.5
9/19/2014 9:47,C,20
9/19/2014 11:47,C,20
9/19/2014 13:47,C,20.5
9/19/2014 15:47,C,20.5
9/19/2014 17:47,C,21
9/19/2014 19:47,C,21
9/19/2014 21:47,C,21
9/19/2014 23:47,C,20.5
9/20/2014 1:47,C,20.5
9/20/2014 3:47,C,20.5
9/20/2014 5:47,C,20
9/20/2014 7:47,C,20
9/20/2014 9:47,C,20
9/20/2014 11:47,C,20.5
9/20/2014 13:47,C,21
9/20/2014 15:47,C,21.5
9/20/2014 17:47,C,21.5
9/20/2014 19:47,C,21.5
9/20/2014 21:47,C,21
9/20/2014 23:47,C,21
9/21/2014 1:47,C,20.5
9/21/2014 3:47,C,20.5
9/21/2014 5:47,C,20
9/21/2014 7:47,C,20
9/21/2014 9:47,C,20
9/21/2014 11:47,C,20.5
9/21/2014 13:47,C,21
9/21/2014 15:47,C,21
9/21/2014 17:47,C,21.5
9/21/2014 19:47,C,21
9/21/2014 21:47,C,20
9/21/2014 23:47,C,19
9/22/2014 1:47,C,18.5
9/22/2014 3:47,C,18
9/22/2014 5:47,C,17.5
9/22/2014 7:47,C,17
9/22/2014 9:47,C,17
9/22/2014 11:47,C,17.5
9/22/2014 13:47,C,18
9/22/2014 15:47,C,18.5
9/22/2014 17:47,C,19.5
9/22/2014 19:47,C,19
9/22/2014 21:47,C,18.5
9/22/2014 23:47,C,18
9/23/2014 1:47,C,17
9/23/2014 3:47,C,17
9/23/2014 5:47,C,16.5
9/23/2014 7:47,C,16.5
9/23/2014 9:47,C,16.5
9/23/2014 11:47,C,17
9/23/2014 13:47,C,17.5
9/23/2014 15:47,C,18
9/23/2014 17:47,C,19
9/23/2014 19:47,C,18.5
9/23/2014 21:47,C,18
9/23/2014 23:47,C,17.5
9/24/2014 1:47,C,17
9/24/2014 3:47,C,16.5
9/24/2014 5:47,C,16
9/24/2014 7:47,C,16
9/24/2014 9:47,C,16
9/24/2014 11:47,C,16.5
9/24/2014 13:47,C,17
9/24/2014 15:47,C,17.5
9/24/2014 17:47,C,18.5
9/24/2014 19:47,C,18
9/24/2014 21:47,C,17.5
9/24/2014 23:47,C,17
9/25/2014 1:47,C,17
9/25/2014 3:47,C,16.5
9/25/2014 5:47,C,16.5
9/25/2014 7:47,C,16
9/25/2014 9:47,C,16.5
9/25/2014 11:47,C,17
9/25/2014 13:47,C,17.5
9/25/2014 15:47,C,18
9/25/2014 17:47,C,19
9/25/2014 19:47,C,18.5
9/25/2014 21:47,C,18.5
9/25/2014 23:47,C,18
9/26/2014 1:47,C,17.5
9/26/2014 3:47,C,17
9/26/2014 5:47,C,17
9/26/2014 7:47,C,17
9/26/2014 9:47,C,17
9/26/2014 11:47,C,17.5
9/26/2014 13:47,C,18
9/26/2014 15:47,C,18.5
9/26/2014 17:47,C,19
9/26/2014 19:47,C,19
9/26/2014 21:47,C,18.5
9/26/2014 23:47,C,18.5
9/27/2014 1:47,C,18
9/27/2014 3:47,C,17.5
9/27/2014 5:47,C,17.5
9/27/2014 7:47,C,17
9/27/2014 9:47,C,17
9/27/2014 11:47,C,17.5
9/27/2014 13:47,C,18.5
9/27/2014 15:47,C,19
9/27/2014 17:47,C,19.5
9/27/2014 19:47,C,19.5
9/27/2014 21:47,C,19
9/27/2014 23:47,C,18.5
9/28/2014 1:47,C,18.5
9/28/2014 3:47,C,18
9/28/2014 5:47,C,18
9/28/2014 7:47,C,17.5
9/28/2014 9:47,C,17.5
9/28/2014 11:47,C,18
9/28/2014 13:47,C,19
9/28/2014 15:47,C,19.5
9/28/2014 17:47,C,20
9/28/2014 19:47,C,19.5
9/28/2014 21:47,C,19.5
9/28/2014 23:47,C,19
9/29/2014 1:47,C,19
9/29/2014 3:47,C,18.5
9/29/2014 5:47,C,18
9/29/2014 7:47,C,18
9/29/2014 9:47,C,18
9/29/2014 11:47,C,18.5
9/29/2014 13:47,C,19
9/29/2014 15:47,C,19.5
9/29/2014 17:47,C,19.5
9/29/2014 19:47,C,19.5
9/29/2014 21:47,C,19.5
9/29/2014 23:47,C,19
9/30/2014 1:47,C,18.5
9/30/2014 3:47,C,18
9/30/2014 5:47,C,18
9/30/2014 7:47,C,17.5
9/30/2014 9:47,C,17.5
9/30/2014 11:47,C,18.5
9/30/2014 13:47,C,19
9/30/2014 15:47,C,19.5
9/30/2014 17:47,C,19.5
9/30/2014 19:47,C,19.5
9/30/2014 21:47,C,19.5
9/30/2014 23:47,C,19.5
10/1/2014 1:47,C,19.5
10/1/2014 3:47,C,19
10/1/2014 5:47,C,19
10/1/2014 7:47,C,19
10/1/2014 9:47,C,19
10/1/2014 11:47,C,19.5
10/1/2014 13:47,C,20
10/1/2014 15:47,C,20.5
10/1/2014 17:47,C,21
10/1/2014 19:47,C,21
10/1/2014 21:47,C,20.5
10/1/2014 23:47,C,20.5
10/2/2014 1:47,C,20.5
10/2/2014 3:47,C,20.5
10/2/2014 5:47,C,20.5
10/2/2014 7:47,C,20
10/2/2014 9:47,C,20.5
10/2/2014 11:47,C,21
10/2/2014 13:47,C,21
10/2/2014 15:47,C,21
10/2/2014 17:47,C,20.5
10/2/2014 19:47,C,20
10/2/2014 21:47,C,19.5
10/2/2014 23:47,C,19.5
10/3/2014 1:47,C,18.5
10/3/2014 3:47,C,18.5
10/3/2014 5:47,C,18
10/3/2014 7:47,C,17.5
10/3/2014 9:47,C,17.5
10/3/2014 11:47,C,17.5
10/3/2014 13:47,C,17
10/3/2014 15:47,C,17
10/3/2014 17:47,C,17
10/3/2014 19:47,C,16.5
10/3/2014 21:47,C,15.5
10/3/2014 23:47,C,15
10/4/2014 1:47,C,14
10/4/2014 3:47,C,13.5
10/4/2014 5:47,C,13
10/4/2014 7:47,C,13
10/4/2014 9:47,C,13
10/4/2014 11:47,C,14
10/4/2014 13:47,C,14.5
10/4/2014 15:47,C,15.5
10/4/2014 17:47,C,16
10/4/2014 19:47,C,15.5
10/4/2014 21:47,C,15.5
10/4/2014 23:47,C,15
10/5/2014 1:47,C,15
10/5/2014 3:47,C,14.5
10/5/2014 5:47,C,14.5
10/5/2014 7:47,C,14
10/5/2014 9:47,C,14.5
10/5/2014 11:47,C,15
10/5/2014 13:47,C,16
10/5/2014 15:47,C,17
10/5/2014 17:47,C,17
10/5/2014 19:47,C,17
10/5/2014 21:47,C,17
10/5/2014 23:47,C,17
10/6/2014 1:47,C,16.5
10/6/2014 3:47,C,16.5
10/6/2014 5:47,C,16
10/6/2014 7:47,C,15.5
10/6/2014 9:47,C,16
10/6/2014 11:47,C,16.5
10/6/2014 13:47,C,17
10/6/2014 15:47,C,17.5
10/6/2014 17:47,C,18
10/6/2014 19:47,C,18
10/6/2014 21:47,C,17.5
10/6/2014 23:47,C,17.5
10/7/2014 1:47,C,17.5
10/7/2014 3:47,C,17.5
10/7/2014 5:47,C,17.5
10/7/2014 7:47,C,17
10/7/2014 9:47,C,17
10/7/2014 11:47,C,17.5
10/7/2014 13:47,C,18.5
10/7/2014 15:47,C,19
10/7/2014 17:47,C,19
10/7/2014 19:47,C,19
10/7/2014 21:47,C,19
10/7/2014 23:47,C,19
10/8/2014 1:47,C,18.5
10/8/2014 3:47,C,18.5
10/8/2014 5:47,C,18.5
10/8/2014 7:47,C,18.5
10/8/2014 9:47,C,18.5
10/8/2014 11:47,C,19
10/8/2014 13:47,C,19.5
10/8/2014 15:47,C,20
10/8/2014 17:47,C,20
10/8/2014 19:47,C,20
10/8/2014 21:47,C,20
10/8/2014 23:47,C,19.5
10/9/2014 1:47,C,19.5
10/9/2014 3:47,C,19.5
10/9/2014 5:47,C,19
10/9/2014 7:47,C,19
10/9/2014 9:47,C,19
10/9/2014 11:47,C,19.5
10/9/2014 13:47,C,20
10/9/2014 15:47,C,20.5
10/9/2014 17:47,C,20.5
10/9/2014 19:47,C,20.5
10/9/2014 21:47,C,20
10/9/2014 23:47,C,20
10/10/2014 1:47,C,20
10/10/2014 3:47,C,20
10/10/2014 5:47,C,19.5
10/10/2014 7:47,C,19.5
10/10/2014 9:47,C,19
10/10/2014 11:47,C,19
10/10/2014 13:47,C,19
10/10/2014 15:47,C,19
10/10/2014 17:47,C,19
10/10/2014 19:47,C,19
10/10/2014 21:47,C,19
10/10/2014 23:47,C,19
10/11/2014 1:47,C,19
10/11/2014 3:47,C,19
10/11/2014 5:47,C,19
10/11/2014 7:47,C,18.5
10/11/2014 9:47,C,18.5
10/11/2014 11:47,C,18.5
10/11/2014 13:47,C,18.5
10/11/2014 15:47,C,18.5
10/11/2014 17:47,C,18.5
10/11/2014 19:47,C,18.5
10/11/2014 21:47,C,18.5
10/11/2014 23:47,C,18.5
10/12/2014 1:47,C,18.5
10/12/2014 3:47,C,18.5
10/12/2014 5:47,C,18
10/12/2014 7:47,C,18
10/12/2014 9:47,C,18
10/12/2014 11:47,C,18
10/12/2014 13:47,C,18
10/12/2014 15:47,C,18
10/12/2014 17:47,C,18
10/12/2014 19:47,C,18
10/12/2014 21:47,C,18
10/12/2014 23:47,C,18
10/13/2014 1:47,C,18
10/13/2014 3:47,C,18
10/13/2014 5:47,C,18
10/13/2014 7:47,C,18
10/13/2014 9:47,C,18
10/13/2014 11:47,C,18
10/13/2014 13:47,C,18.5
10/13/2014 15:47,C,18.5
10/13/2014 17:47,C,18
10/13/2014 19:47,C,18
10/13/2014 21:47,C,18
10/13/2014 23:47,C,17.5
10/14/2014 1:47,C,17.5
10/14/2014 3:47,C,17.5
10/14/2014 5:47,C,17
10/14/2014 7:47,C,17
10/14/2014 9:47,C,17
10/14/2014 11:47,C,17
10/14/2014 13:47,C,17
10/14/2014 15:47,C,17.5
10/14/2014 17:47,C,17.5
10/14/2014 19:47,C,17.5
10/14/2014 21:47,C,17
10/14/2014 23:47,C,17
10/15/2014 1:47,C,17
10/15/2014 3:47,C,16.5
10/15/2014 5:47,C,16.5
10/15/2014 7:47,C,16
10/15/2014 9:47,C,16
10/15/2014 11:47,C,16
10/15/2014 13:47,C,16.5
10/15/2014 15:47,C,16.5
10/15/2014 17:47,C,17
10/15/2014 19:47,C,17
10/15/2014 21:47,C,16.5
10/15/2014 23:47,C,16.5
10/16/2014 1:47,C,16.5
10/16/2014 3:47,C,16
10/16/2014 5:47,C,16
10/16/2014 7:47,C,16
10/16/2014 9:47,C,16
10/16/2014 11:47,C,16
10/16/2014 13:47,C,16
10/16/2014 15:47,C,16.5
10/16/2014 17:47,C,16.5
10/16/2014 19:47,C,17
10/16/2014 21:47,C,17
10/16/2014 23:47,C,17
10/17/2014 1:47,C,17
10/17/2014 3:47,C,17
10/17/2014 5:47,C,17
10/17/2014 7:47,C,17
10/17/2014 9:47,C,17
10/17/2014 11:47,C,17
10/17/2014 13:47,C,17
10/17/2014 15:47,C,17
10/17/2014 17:47,C,17
10/17/2014 19:47,C,17
10/17/2014 21:47,C,17
10/17/2014 23:47,C,17
10/18/2014 1:47,C,17
10/18/2014 3:47,C,17
10/18/2014 5:47,C,17
10/18/2014 7:47,C,17
10/18/2014 9:47,C,17
10/18/2014 11:47,C,17
10/18/2014 13:47,C,17
10/18/2014 15:47,C,17
10/18/2014 17:47,C,17
10/18/2014 19:47,C,17
10/18/2014 21:47,C,17
10/18/2014 23:47,C,17
10/19/2014 1:47,C,17
10/19/2014 3:47,C,17
10/19/2014 5:47,C,17
10/19/2014 7:47,C,17
10/19/2014 9:47,C,17
10/19/2014 11:47,C,17
10/19/2014 13:47,C,17
10/19/2014 15:47,C,17
10/19/2014 17:47,C,17
10/19/2014 19:47,C,16.5
10/19/2014 21:47,C,16.5
10/19/2014 23:47,C,16.5
10/20/2014 1:47,C,16.5
10/20/2014 3:47,C,16.5
10/20/2014 5:47,C,16.5
10/20/2014 7:47,C,16.5
10/20/2014 9:47,C,16.5
10/20/2014 11:47,C,16.5
10/20/2014 13:47,C,16.5
10/20/2014 15:47,C,16.5
10/20/2014 17:47,C,16.5
10/20/2014 19:47,C,16.5
10/20/2014 21:47,C,16.5
10/20/2014 23:47,C,16.5
10/21/2014 1:47,C,16.5
10/21/2014 3:47,C,16.5
10/21/2014 5:47,C,16.5
10/21/2014 7:47,C,16.5
10/21/2014 9:47,C,16.5
10/21/2014 11:47,C,16.5
10/21/2014 13:47,C,17
10/21/2014 15:47,C,17
10/21/2014 17:47,C,17
10/21/2014 19:47,C,17
10/21/2014 21:47,C,17
10/21/2014 23:47,C,16.5
10/22/2014 1:47,C,16.5
10/22/2014 3:47,C,16.5
10/22/2014 5:47,C,16.5
10/22/2014 7:47,C,16.5
10/22/2014 9:47,C,16.5
10/22/2014 11:47,C,16.5
10/22/2014 13:47,C,17
10/22/2014 15:47,C,17
10/22/2014 17:47,C,17
10/22/2014 19:47,C,17
10/22/2014 21:47,C,17
10/22/2014 23:47,C,16.5
10/23/2014 1:47,C,16.5
10/23/2014 3:47,C,16.5
10/23/2014 5:47,C,16.5
10/23/2014 7:47,C,16.5
10/23/2014 9:47,C,16.5
10/23/2014 11:47,C,16.5
10/23/2014 13:47,C,16.5
10/23/2014 15:47,C,17
10/23/2014 17:47,C,17
10/23/2014 19:47,C,16.5
10/23/2014 21:47,C,16.5
10/23/2014 23:47,C,16.5
10/24/2014 1:47,C,16.5
10/24/2014 3:47,C,16.5
10/24/2014 5:47,C,16.5
10/24/2014 7:47,C,16.5
10/24/2014 9:47,C,16.5
10/24/2014 11:47,C,16.5
10/24/2014 13:47,C,16.5
10/24/2014 15:47,C,17
10/24/2014 17:47,C,17
10/24/2014 19:47,C,17
10/24/2014 21:47,C,17
10/24/2014 23:47,C,17
10/25/2014 1:47,C,16.5
10/25/2014 3:47,C,16.5
10/25/2014 5:47,C,16.5
10/25/2014 7:47,C,16.5
10/25/2014 9:47,C,16.5
10/25/2014 11:47,C,16.5
10/25/2014 13:47,C,17
10/25/2014 15:47,C,17
10/25/2014 17:47,C,17
10/25/2014 19:47,C,17
10/25/2014 21:47,C,17
10/25/2014 23:47,C,17
10/26/2014 1:47,C,17
10/26/2014 3:47,C,16.5
10/26/2014 5:47,C,16.5
10/26/2014 7:47,C,16.5
10/26/2014 9:47,C,16.5
10/26/2014 11:47,C,17
10/26/2014 13:47,C,17
10/26/2014 15:47,C,17
10/26/2014 17:47,C,17
10/26/2014 19:47,C,17
10/26/2014 21:47,C,17
10/26/2014 23:47,C,17
10/27/2014 1:47,C,17
10/27/2014 3:47,C,17
10/27/2014 5:47,C,17
10/27/2014 7:47,C,17
10/27/2014 9:47,C,17
10/27/2014 11:47,C,17
10/27/2014 13:47,C,17
10/27/2014 15:47,C,17
10/27/2014 17:47,C,17
10/27/2014 19:47,C,17
10/27/2014 21:47,C,17
10/27/2014 23:47,C,17
10/28/2014 1:47,C,17
10/28/2014 3:47,C,17
10/28/2014 5:47,C,17
10/28/2014 7:47,C,17
10/28/2014 9:47,C,17
10/28/2014 11:47,C,17
10/28/2014 13:47,C,17
10/28/2014 15:47,C,17
10/28/2014 17:47,C,17
10/28/2014 19:47,C,17
10/28/2014 21:47,C,17
10/28/2014 23:47,C,16.5
10/29/2014 1:47,C,16.5
10/29/2014 3:47,C,16.5
10/29/2014 5:47,C,16
10/29/2014 7:47,C,16
10/29/2014 9:47,C,16
10/29/2014 11:47,C,16
10/29/2014 13:47,C,16.5
10/29/2014 15:47,C,16.5
10/29/2014 17:47,C,16.5
10/29/2014 19:47,C,16
10/29/2014 21:47,C,16
10/29/2014 23:47,C,16
10/30/2014 1:47,C,15.5
10/30/2014 3:47,C,15.5
10/30/2014 5:47,C,15.5
10/30/2014 7:47,C,15.5
10/30/2014 9:47,C,15.5
10/30/2014 11:47,C,16
10/30/2014 13:47,C,16
10/30/2014 15:47,C,16
10/30/2014 17:47,C,16
10/30/2014 19:47,C,16
10/30/2014 21:47,C,16
10/30/2014 23:47,C,16
10/31/2014 1:47,C,16
10/31/2014 3:47,C,15.5
10/31/2014 5:47,C,15.5
10/31/2014 7:47,C,15.5
10/31/2014 9:47,C,15.5
10/31/2014 11:47,C,15.5
10/31/2014 13:47,C,15.5
10/31/2014 15:47,C,15.5
10/31/2014 17:47,C,15.5
10/31/2014 19:47,C,15
10/31/2014 21:47,C,15
10/31/2014 23:47,C,14.5
11/1/2014 1:47,C,14.5
11/1/2014 3:47,C,14.5
11/1/2014 5:47,C,14
11/1/2014 7:47,C,14
11/1/2014 9:47,C,14
11/1/2014 11:47,C,14
11/1/2014 13:47,C,14.5
11/1/2014 15:47,C,14.5
11/1/2014 17:47,C,14.5
11/1/2014 19:47,C,14.5
11/1/2014 21:47,C,14
11/1/2014 23:47,C,14.5
11/2/2014 1:47,C,14
11/2/2014 2:47,C,14
11/2/2014 4:47,C,14
11/2/2014 6:47,C,14
11/2/2014 8:47,C,14
11/2/2014 10:47,C,14
11/2/2014 12:47,C,14.5
11/2/2014 14:47,C,23
11/2/2014 16:47,C,22.5
11/2/2014 18:47,C,21
11/2/2014 20:47,C,20.5
11/2/2014 22:47,C,20
11/3/2014 0:47,C,19.5
11/3/2014 2:47,C,19
11/3/2014 4:47,C,19
11/3/2014 6:47,C,19
11/3/2014 8:47,C,20.5
11/3/2014 10:47,C,21.5
